date,z47_float,z47_mcap,n500_indexed,n500_abs
2024-01-02,100.0,100.0,100.0,19418.4
2024-01-03,99.634165,99.634165,99.7361,19367.15
2024-01-04,100.212786,100.212786,100.6326,19541.25
2024-01-05,101.609967,101.609967,100.8868,19590.6
2024-01-08,102.059932,102.059932,99.9964,19417.7
2024-01-09,102.500701,102.500701,100.2119,19459.55
2024-01-10,103.478763,103.478763,100.5121,19517.85
2024-01-11,104.343108,104.343108,100.8546,19584.35
2024-01-12,104.766079,104.766079,101.685,19745.6
2024-01-15,104.898248,104.898248,102.4057,19885.55
2024-01-16,103.627465,103.627465,102.107,19827.55
2024-01-17,101.722833,101.722833,100.3564,19487.6
2024-01-18,101.749057,101.749057,99.9815,19414.8
2024-01-19,102.832691,102.832691,100.9682,19606.4
2024-01-22,103.229856,103.229856,100.9682,19606.4
2024-01-23,100.150419,100.150419,98.9085,19206.45
2024-01-24,101.20024,101.20024,100.1679,19451.0
2024-01-25,101.281173,101.281173,99.8692,19393.0
2024-01-26,101.626548,101.626548,99.8692,19393.0
2024-01-29,102.505286,102.505286,101.5102,19711.65
2024-01-30,103.140991,103.140991,100.8023,19574.2
2024-01-31,105.128181,105.128181,101.976,19802.1
2024-02-01,104.341402,104.341402,101.8485,19777.35
2024-02-02,103.521034,103.521034,102.5357,19910.8
2024-02-05,101.539646,101.539646,102.2407,19853.5
2024-02-06,101.641802,101.641802,103.1689,20033.75
2024-02-07,102.382321,102.382321,103.5593,20109.55
2024-02-08,102.291691,102.291691,102.931,19987.55
2024-02-09,102.509163,102.509163,102.7968,19961.5
2024-02-12,101.328039,101.328039,101.3225,19675.2
2024-02-13,101.340531,101.340531,101.8771,19782.9
2024-02-14,101.052546,101.052546,102.595,19922.3
2024-02-15,101.85213,101.85213,103.1856,20037.0
2024-02-16,102.157325,102.157325,103.8443,20164.9
2024-02-19,103.364421,103.364421,103.8443,20164.9
2024-02-20,103.402066,103.402066,104.3953,20271.9
2024-02-21,102.348693,102.348693,103.6558,20128.3
2024-02-22,103.121192,103.121192,104.4574,20283.95
2024-02-23,103.136198,103.136198,104.6095,20313.5
2024-02-26,104.433028,104.433028,104.3124,20255.8
2024-02-27,104.894127,104.894127,104.5032,20292.85
2024-02-28,104.033066,104.033066,103.1002,20020.4
2024-02-29,105.031008,105.031008,103.4588,20090.05
2024-03-01,104.745541,104.745541,104.7965,20349.8
2024-03-04,103.839003,103.839003,105.2201,20432.05
2024-03-05,101.866674,101.866674,104.9623,20382.0
2024-03-06,100.865503,100.865503,104.9497,20379.55
2024-03-07,101.20254,101.20254,105.2342,20434.8
2024-03-08,101.288298,101.288298,105.2342,20434.8
2024-03-11,101.450267,101.450267,104.4821,20288.75
2024-03-12,100.881157,100.881157,103.8778,20171.4
2024-03-13,97.602926,97.602926,101.1736,19646.3
2024-03-14,99.78936,99.78936,102.5643,19916.35
2024-03-15,99.815718,99.815718,102.0949,19825.2
2024-03-18,100.584054,100.584054,102.1871,19843.1
2024-03-19,100.26707,100.26707,100.9895,19610.55
2024-03-20,101.937024,101.937024,101.1002,19632.05
2024-03-21,103.667697,103.667697,102.4667,19897.4
2024-03-22,104.364686,104.364686,102.9673,19994.6
2024-03-25,104.230722,104.230722,102.9673,19994.6
2024-03-26,104.39873,104.39873,103.0221,20005.25
2024-03-27,105.175324,105.175324,103.4472,20087.8
2024-03-28,105.663602,105.663602,104.3091,20255.15
2024-04-01,107.540305,107.540305,105.5316,20492.55
2024-04-02,106.966648,106.966648,105.9292,20569.75
2024-04-03,107.514421,107.514421,106.1143,20605.7
2024-04-04,108.344014,108.344014,106.4179,20664.65
2024-04-05,110.444665,110.444665,106.6777,20715.1
2024-04-08,110.561577,110.561577,107.2133,20819.1
2024-04-09,110.897865,110.897865,107.067,20790.7
2024-04-10,110.84266,110.84266,107.7081,20915.2
2024-04-11,111.107285,111.107285,107.7081,20915.2
2024-04-12,109.558117,109.558117,106.8342,20745.5
2024-04-15,107.059969,107.059969,105.4605,20478.75
2024-04-16,106.503259,106.503259,105.1734,20423.0
2024-04-17,106.605164,106.605164,105.1734,20423.0
2024-04-18,105.919876,105.919876,104.6672,20324.7
2024-04-19,105.60359,105.60359,104.9788,20385.2
2024-04-22,106.868265,106.868265,105.9554,20574.85
2024-04-23,107.662736,107.662736,106.3561,20652.65
2024-04-24,108.59475,108.59475,106.7578,20730.65
2024-04-25,109.850061,109.850061,107.4646,20867.9
2024-04-26,109.696276,109.696276,107.3175,20839.35
2024-04-29,109.518734,109.518734,108.1047,20992.2
2024-04-30,109.276671,109.276671,108.1304,20997.2
2024-05-01,109.697444,109.697444,108.1304,20997.2
2024-05-02,108.595382,108.595382,108.5754,21083.6
2024-05-03,108.515094,108.515094,107.9365,20959.55
2024-05-06,107.669234,107.669234,107.4494,20864.95
2024-05-07,106.206983,106.206983,106.2706,20636.05
2024-05-08,106.241435,106.241435,106.6252,20704.9
2024-05-09,105.480833,105.480833,104.7707,20344.8
2024-05-10,106.630509,106.630509,105.4108,20469.1
2024-05-13,106.640393,106.640393,105.6266,20511.0
2024-05-14,106.637139,106.637139,106.5165,20683.8
2024-05-15,108.642201,108.642201,106.8154,20741.85
2024-05-16,109.233644,109.233644,107.7795,20929.05
2024-05-17,110.485718,110.485718,108.4773,21064.55
2024-05-20,111.248529,111.248529,108.4773,21064.55
2024-05-21,108.327016,108.327016,109.1112,21187.65
2024-05-22,108.107252,108.107252,109.3692,21237.75
2024-05-23,106.917679,106.917679,110.6659,21489.55
2024-05-24,106.83772,106.83772,110.636,21483.75
2024-05-27,106.855169,106.855169,110.6837,21493.0
2024-05-28,105.159235,105.159235,110.1396,21387.35
2024-05-29,104.476406,104.476406,109.4647,21256.3
2024-05-30,103.392294,103.392294,108.3434,21038.55
2024-05-31,103.899115,103.899115,108.6768,21103.3
2024-06-03,104.77884,104.77884,112.2513,21797.4
2024-06-04,100.313507,100.313507,104.6628,20323.85
2024-06-05,104.733135,104.733135,108.425,21054.4
2024-06-06,106.471541,106.471541,110.0245,21365.0
2024-06-07,107.653931,107.653931,112.08,21764.15
2024-06-10,107.94827,107.94827,112.3071,21808.25
2024-06-11,107.7485,107.7485,112.5324,21852.0
2024-06-12,108.206013,108.206013,113.0935,21960.95
2024-06-13,108.519304,108.519304,113.6772,22074.3
2024-06-14,109.475415,109.475415,114.3982,22214.3
2024-06-17,109.827736,109.827736,114.3982,22214.3
2024-06-18,110.145923,110.145923,114.992,22329.6
2024-06-19,110.957114,110.957114,114.4528,22224.9
2024-06-20,111.129905,111.129905,114.8658,22305.1
2024-06-21,111.133483,111.133483,114.511,22236.2
2024-06-24,111.311797,111.311797,114.7834,22289.1
2024-06-25,112.129611,112.129611,115.2034,22370.65
2024-06-26,112.45099,112.45099,115.544,22436.8
2024-06-27,113.156429,113.156429,116.0621,22537.4
2024-06-28,113.916311,113.916311,116.1769,22559.7
2024-07-01,116.139884,116.139884,117.0416,22727.6
2024-07-02,115.334411,115.334411,116.7851,22677.8
2024-07-03,115.458086,115.458086,117.6781,22851.2
2024-07-04,115.018538,115.018538,118.0025,22914.2
2024-07-05,115.23533,115.23533,118.3808,22987.65
2024-07-08,115.970529,115.970529,118.2958,22971.15
2024-07-09,116.599369,116.599369,118.7912,23067.35
2024-07-10,116.561855,116.561855,118.3293,22977.65
2024-07-11,116.75801,116.75801,118.4714,23005.25
2024-07-12,117.525911,117.525911,118.9359,23095.45
2024-07-15,118.694699,118.694699,119.525,23209.85
2024-07-16,116.875812,116.875812,119.4962,23204.25
2024-07-17,116.401896,116.401896,119.4962,23204.25
2024-07-18,117.188876,117.188876,119.5261,23210.05
2024-07-19,115.796535,115.796535,117.6904,22853.6
2024-07-22,116.831601,116.831601,118.149,22942.65
2024-07-23,118.061954,118.061954,117.7502,22865.2
2024-07-24,118.524171,118.524171,118.0398,22921.45
2024-07-25,117.729832,117.729832,118.0182,22917.25
2024-07-26,120.197871,120.197871,119.9483,23292.05
2024-07-29,120.698593,120.698593,120.4744,23394.2
2024-07-30,121.411343,121.411343,120.7149,23440.9
2024-07-31,120.94767,120.94767,121.1779,23530.8
2024-08-01,119.675921,119.675921,121.0532,23506.6
2024-08-02,121.97226,121.97226,119.7805,23259.45
2024-08-05,118.105519,118.105519,116.0881,22542.45
2024-08-06,117.111249,117.111249,115.5775,22443.3
2024-08-07,120.084758,120.084758,117.6662,22848.9
2024-08-08,120.829877,120.829877,116.9288,22705.7
2024-08-09,121.427524,121.427524,118.0504,22923.5
2024-08-12,120.603753,120.603753,118.011,22915.85
2024-08-13,119.955715,119.955715,116.9293,22705.8
2024-08-14,121.460192,121.460192,116.7586,22672.65
2024-08-15,121.839974,121.839974,116.7586,22672.65
2024-08-16,124.563966,124.563966,118.7353,23056.5
2024-08-19,125.613383,125.613383,119.164,23139.75
2024-08-20,126.512143,126.512143,119.8881,23280.35
2024-08-21,128.08676,128.08676,120.3428,23368.65
2024-08-22,127.317557,127.317557,120.7139,23440.7
2024-08-23,128.523706,128.523706,120.6003,23418.65
2024-08-26,129.408998,129.408998,121.3372,23561.75
2024-08-27,129.398042,129.398042,121.5592,23604.85
2024-08-28,128.217569,128.217569,121.6163,23615.95
2024-08-29,127.718613,127.718613,121.6959,23631.4
2024-08-30,128.852914,128.852914,122.2271,23734.55
2024-09-02,128.314536,128.314536,122.3618,23760.7
2024-09-03,127.369623,127.369623,122.5047,23788.45
2024-09-04,128.261893,128.261893,122.301,23748.9
2024-09-05,129.39494,129.39494,122.3726,23762.8
2024-09-06,128.889506,128.889506,120.9044,23477.7
2024-09-09,129.573262,129.573262,121.0303,23502.15
2024-09-10,130.207408,130.207408,121.759,23643.65
2024-09-11,131.50675,131.50675,121.1802,23531.25
2024-09-12,133.079613,133.079613,123.117,23907.35
2024-09-13,132.693739,132.693739,123.2244,23928.2
2024-09-16,133.640245,133.640245,123.4303,23968.2
2024-09-17,133.008422,133.008422,123.4391,23969.9
2024-09-18,132.894587,132.894587,123.0722,23898.65
2024-09-19,133.69368,133.69368,122.842,23853.95
2024-09-20,136.201487,136.201487,124.5921,24193.8
2024-09-23,137.018502,137.018502,125.5469,24379.2
2024-09-24,135.238311,135.238311,125.601,24389.7
2024-09-25,133.31937,133.31937,125.506,24371.25
2024-09-26,131.756832,131.756832,126.153,24496.9
2024-09-27,131.433646,131.433646,126.1152,24489.55
2024-09-30,130.182365,130.182365,124.8568,24245.2
2024-10-01,131.737347,131.737347,124.9912,24271.3
2024-10-02,130.950293,130.950293,124.9912,24271.3
2024-10-03,129.907426,129.907426,122.3347,23755.45
2024-10-04,130.939219,130.939219,121.1992,23534.95
2024-10-07,127.278877,127.278877,119.3814,23181.95
2024-10-08,131.258947,131.258947,121.0839,23512.55
2024-10-09,132.199677,132.199677,121.5322,23599.6
2024-10-10,131.861728,131.861728,121.5247,23598.15
2024-10-11,132.435756,132.435756,121.5921,23611.25
2024-10-14,133.791841,133.791841,122.1885,23727.05
2024-10-15,135.482498,135.482498,122.233,23735.7
2024-10-16,134.690429,134.690429,121.9109,23673.15
2024-10-17,132.99608,132.99608,120.3858,23377.0
2024-10-18,132.309449,132.309449,120.7139,23440.7
2024-10-21,131.338307,131.338307,119.8,23263.25
2024-10-22,127.306558,127.306558,117.4888,22814.45
2024-10-23,128.257485,128.257485,117.6261,22841.1
2024-10-24,128.935619,128.935619,117.3518,22787.85
2024-10-25,126.868094,126.868094,115.8646,22499.05
2024-10-28,127.089721,127.089721,116.6417,22649.95
2024-10-29,128.879887,128.879887,117.3889,22795.05
2024-10-30,128.148355,128.148355,117.1559,22749.8
2024-10-31,127.357569,127.357569,116.8446,22689.35
2024-11-01,128.771709,128.771709,117.5357,22823.55
2024-11-04,127.395581,127.395581,115.9637,22518.3
2024-11-05,127.118734,127.118734,116.7957,22679.85
2024-11-06,131.448123,131.448123,118.605,23031.2
2024-11-07,132.517859,132.517859,117.4466,22806.25
2024-11-08,131.509119,131.509119,116.6195,22645.65
2024-11-11,131.152661,131.152661,116.3402,22591.4
2024-11-12,129.609313,129.609313,114.9994,22331.05
2024-11-13,127.107428,127.107428,112.8566,21914.95
2024-11-14,129.096902,129.096902,113.1046,21963.1
2024-11-15,128.042164,128.042164,113.1046,21963.1
2024-11-18,127.147874,127.147874,112.7765,21899.4
2024-11-19,128.456846,128.456846,113.317,22004.35
2024-11-20,129.171573,129.171573,113.317,22004.35
2024-11-21,130.267214,130.267214,112.372,21820.85
2024-11-22,131.52584,131.52584,114.4561,22225.55
2024-11-25,133.591914,133.591914,116.145,22553.5
2024-11-26,135.084139,135.084139,116.1911,22562.45
2024-11-27,136.117944,136.117944,116.8567,22691.7
2024-11-28,136.986579,136.986579,115.9434,22514.35
2024-11-29,136.541692,136.541692,116.8325,22687.0
2024-12-02,137.528762,137.528762,117.599,22835.85
2024-12-03,138.010185,138.010185,118.5517,23020.85
2024-12-04,139.786048,139.786048,118.9568,23099.5
2024-12-05,140.929631,140.929631,119.8757,23277.95
2024-12-06,143.577946,143.577946,120.0516,23312.1
2024-12-09,143.143427,143.143427,119.9481,23292.0
2024-12-10,143.87105,143.87105,120.066,23314.9
2024-12-11,144.541751,144.541751,120.2887,23358.15
2024-12-12,143.528361,143.528361,119.7648,23256.4
2024-12-13,143.542101,143.542101,120.2929,23358.95
2024-12-16,145.685383,145.685383,120.2594,23352.45
2024-12-17,146.021181,146.021181,118.9374,23095.75
2024-12-18,143.981283,143.981283,118.1065,22934.4
2024-12-19,142.432214,142.432214,117.168,22752.15
2024-12-20,139.806174,139.806174,114.9394,22319.4
2024-12-23,140.522797,140.522797,115.4179,22412.3
2024-12-24,140.572908,140.572908,115.3684,22402.7
2024-12-26,140.748255,140.748255,115.5108,22430.35
2024-12-27,140.815775,140.815775,115.5873,22445.2
2024-12-30,141.801657,141.801657,115.1338,22357.15
2024-12-31,141.219692,141.219692,115.2278,22375.4
2025-01-01,141.662022,141.662022,115.2278,22375.4
2025-01-02,143.941767,143.941767,117.5161,22819.75
2025-01-03,143.229563,143.229563,116.9414,22708.15
2025-01-06,140.226154,140.226154,114.4554,22225.4
2025-01-07,137.883328,137.883328,115.054,22341.65
2025-01-08,134.993346,134.993346,114.4883,22231.8
2025-01-09,133.51237,133.51237,113.5343,22046.55
2025-01-10,129.829877,129.829877,112.2595,21799.0
2025-01-13,122.955964,122.955964,109.3986,21243.45
2025-01-14,125.265006,125.265006,110.6221,21481.05
2025-01-15,127.897017,127.897017,110.9834,21551.2
2025-01-16,130.029651,130.029651,111.8246,21714.55
2025-01-17,129.705309,129.705309,111.648,21680.25
2025-01-20,130.128016,130.128016,112.311,21809.0
2025-01-21,124.436281,124.436281,110.3757,21433.2
2025-01-22,123.078093,123.078093,110.187,21396.55
2025-01-23,127.049245,127.049245,110.9157,21538.05
2025-01-24,125.209399,125.209399,109.7871,21318.9
2025-01-27,120.875491,120.875491,107.6863,20910.95
2025-01-28,121.667033,121.667033,107.7573,20924.75
2025-01-29,125.412344,125.412344,109.4091,21245.5
2025-01-30,124.480831,124.480831,109.6769,21297.5
2025-01-31,126.109545,126.109545,111.1363,21580.9
2025-02-01,128.210252,128.210252,111.1363,21580.9
2025-02-03,129.287283,129.287283,110.2179,21402.55
2025-02-04,129.375978,129.375978,111.891,21727.45
2025-02-05,130.171098,130.171098,112.1835,21784.25
2025-02-06,128.342479,128.342479,111.6078,21672.45
2025-02-07,127.21982,127.21982,111.4724,21646.15
2025-02-10,124.016384,124.016384,110.057,21371.3
2025-02-11,118.980521,118.980521,107.8897,20950.45
2025-02-12,119.619958,119.619958,107.6703,20907.85
2025-02-13,121.182925,121.182925,107.6523,20904.35
2025-02-14,118.094111,118.094111,106.2554,20633.1
2025-02-17,117.311337,117.311337,106.3545,20652.35
2025-02-18,117.883053,117.883053,106.1437,20611.4
2025-02-19,120.155172,120.155172,106.7619,20731.45
2025-02-20,120.29954,120.29954,107.2751,20831.1
2025-02-21,118.800686,118.800686,106.5497,20690.25
2025-02-24,117.635676,117.635676,105.4075,20468.45
2025-02-25,116.010777,116.010777,105.1516,20418.75
2025-02-26,116.228971,116.228971,105.1516,20418.75
2025-02-27,115.509956,115.509956,104.6201,20315.55
2025-02-28,113.913249,113.913249,102.3818,19880.9
2025-03-03,112.423765,112.423765,102.4644,19896.95
2025-03-04,112.513932,112.513932,102.572,19917.85
2025-03-05,113.322501,113.322501,104.316,20256.5
2025-03-06,113.014906,113.014906,105.2975,20447.1
2025-03-07,111.804713,111.804713,105.2785,20443.4
2025-03-10,109.630794,109.630794,104.3675,20266.5
2025-03-11,110.338867,110.338867,104.5529,20302.5
2025-03-12,109.282038,109.282038,104.3564,20264.35
2025-03-13,107.771688,107.771688,103.9017,20176.05
2025-03-14,108.245308,108.245308,103.9017,20176.05
2025-03-17,109.166084,109.166084,104.4798,20288.3
2025-03-18,109.171695,109.171695,106.3795,20657.2
2025-03-19,115.386268,115.386268,107.4471,20864.5
2025-03-20,115.287058,115.287058,108.5056,21070.05
2025-03-21,117.035713,117.035713,109.5554,21273.9
2025-03-24,118.818142,118.818142,110.9159,21538.1
2025-03-25,117.363561,117.363561,110.3992,21437.75
2025-03-26,115.798259,115.798259,109.5633,21275.45
2025-03-27,117.445292,117.445292,110.2457,21407.95
2025-03-28,115.613425,115.613425,109.8935,21339.55
2025-03-31,114.709451,114.709451,109.8935,21339.55
2025-04-01,113.818932,113.818932,108.5092,21070.75
2025-04-02,116.191625,116.191625,109.5129,21265.65
2025-04-03,114.755013,114.755013,109.3983,21243.4
2025-04-04,110.859408,110.859408,107.1424,20805.35
2025-04-07,108.374136,108.374136,103.5394,20105.7
2025-04-08,110.889414,110.889414,105.4711,20480.8
2025-04-09,111.053714,111.053714,104.8323,20356.75
2025-04-10,110.271731,110.271731,104.8323,20356.75
2025-04-11,112.525152,112.525152,106.8721,20752.85
2025-04-14,112.607396,112.607396,106.8721,20752.85
2025-04-15,115.382252,115.382252,109.5837,21279.4
2025-04-16,116.687456,116.687456,110.2272,21404.35
2025-04-17,118.111503,118.111503,111.6547,21681.55
2025-04-21,119.588231,119.588231,113.3242,22005.75
2025-04-22,120.785151,120.785151,113.7331,22085.15
2025-04-23,121.464163,121.464163,114.5182,22237.6
2025-04-24,122.126254,122.126254,114.2249,22180.65
2025-04-25,119.33399,119.33399,112.5126,21848.15
2025-04-28,119.166129,119.166129,113.8191,22101.85
2025-04-29,119.741559,119.741559,113.8734,22112.4
2025-04-30,119.306981,119.306981,113.4494,22030.05
2025-05-01,119.475818,119.475818,113.4494,22030.05
2025-05-02,119.365344,119.365344,113.3255,22006.0
2025-05-05,122.289332,122.289332,114.2996,22195.15
2025-05-06,119.344306,119.344306,113.0711,21956.6
2025-05-07,120.635206,120.635206,113.6677,22072.45
2025-05-08,117.080067,117.080067,112.4864,21843.05
2025-05-09,116.760966,116.760966,111.6238,21675.55
2025-05-12,122.357819,122.357819,115.9282,22511.4
2025-05-13,122.312288,122.312288,115.0939,22349.4
2025-05-14,122.822306,122.822306,115.8669,22499.5
2025-05-15,124.282691,124.282691,117.3567,22788.8
2025-05-16,125.154779,125.154779,117.7795,22870.9
2025-05-19,124.134159,124.134159,117.7533,22865.8
2025-05-20,122.014901,122.014901,116.3103,22585.6
2025-05-21,123.081656,123.081656,117.0573,22730.65
2025-05-22,123.211307,123.211307,116.3587,22595.0
2025-05-23,125.612788,125.612788,117.3168,22781.05
2025-05-26,125.157932,125.157932,117.9721,22908.3
2025-05-27,124.464056,124.464056,117.4994,22816.5
2025-05-28,123.795734,123.795734,117.3083,22779.4
2025-05-29,125.144141,125.144141,117.7303,22861.35
2025-05-30,125.881181,125.881181,117.4244,22801.95
2025-06-02,126.356931,126.356931,117.5921,22834.5
2025-06-03,125.761113,125.761113,116.9576,22711.3
2025-06-04,128.121366,128.121366,117.4548,22807.85
2025-06-05,129.907538,129.907538,118.1071,22934.5
2025-06-06,131.970947,131.970947,119.2946,23165.1
2025-06-09,132.571215,132.571215,120.1466,23330.55
2025-06-10,131.897286,131.897286,120.195,23339.95
2025-06-11,131.310355,131.310355,120.1842,23337.85
2025-06-12,129.338285,129.338285,118.6836,23046.45
2025-06-13,128.476465,128.476465,117.9613,22906.2
2025-06-16,129.868368,129.868368,118.9338,23095.05
2025-06-17,127.831145,127.831145,118.3491,22981.5
2025-06-18,128.002728,128.002728,118.0592,22925.2
2025-06-19,126.80139,126.80139,117.2264,22763.5
2025-06-20,127.823944,127.823944,118.656,23041.1
2025-06-23,128.106122,128.106122,118.4521,23001.5
2025-06-24,129.499895,129.499895,119.0273,23113.2
2025-06-25,129.917065,129.917065,119.9731,23296.85
2025-06-26,131.500236,131.500236,121.1096,23517.55
2025-06-27,131.763266,131.763266,121.638,23620.15
2025-06-30,131.337184,131.337184,121.6228,23617.2
2025-07-01,129.980263,129.980263,121.6138,23615.45
2025-07-02,129.079397,129.079397,121.2626,23547.25
2025-07-03,129.430745,129.430745,121.1318,23521.85
2025-07-04,129.317597,129.317597,121.3408,23562.45
2025-07-07,128.663247,128.663247,121.2829,23551.2
2025-07-08,129.570959,129.570959,121.3929,23572.55
2025-07-09,130.102838,130.102838,121.3151,23557.45
2025-07-10,129.806298,129.806298,120.872,23471.4
2025-07-11,128.665192,128.665192,119.9002,23282.7
2025-07-14,130.545737,130.545737,120.0359,23309.05
2025-07-15,130.503622,130.503622,120.7574,23449.15
2025-07-16,130.364884,130.364884,120.8776,23472.5
2025-07-17,130.415779,130.415779,120.6057,23419.7
2025-07-18,129.787714,129.787714,119.8613,23275.15
2025-07-21,131.836436,131.836436,120.3933,23378.45
2025-07-22,135.385228,135.385228,120.0969,23320.9
2025-07-23,136.203896,136.203896,120.6505,23428.4
2025-07-24,136.170398,136.170398,119.9949,23301.1
2025-07-25,134.330832,134.330832,118.5206,23014.8
2025-07-28,133.33666,133.33666,117.6562,22846.95
2025-07-29,133.167218,133.167218,118.4822,23007.35
2025-07-30,131.415632,131.415632,118.6171,23033.55
2025-07-31,131.579625,131.579625,118.0064,22914.95
2025-08-01,130.076807,130.076807,116.7637,22673.65
2025-08-04,131.792909,131.792909,117.7255,22860.4
2025-08-05,130.372861,130.372861,117.4067,22798.5
2025-08-06,129.755163,129.755163,116.7287,22666.85
2025-08-07,131.251193,131.251193,116.869,22694.1
2025-08-08,129.858308,129.858308,115.5767,22443.15
2025-08-11,132.04801,132.04801,116.5567,22633.45
2025-08-12,131.81933,131.81933,116.2228,22568.6
2025-08-13,133.960808,133.960808,116.8896,22698.1
2025-08-14,134.042349,134.042349,116.7977,22680.25
2025-08-15,134.684058,134.684058,116.7977,22680.25
2025-08-18,135.910508,135.910508,118.0916,22931.5
2025-08-19,138.457271,138.457271,118.7873,23066.6
2025-08-20,139.604168,139.604168,119.1815,23143.15
2025-08-21,139.493612,139.493612,119.1507,23137.15
2025-08-22,139.50393,139.50393,118.3996,22991.3
2025-08-25,139.471558,139.471558,118.7121,23052.0
2025-08-26,138.388942,138.388942,117.253,22768.65
2025-08-27,138.671853,138.671853,117.253,22768.65
2025-08-28,136.651899,136.651899,116.084,22541.65
2025-08-29,135.159827,135.159827,115.6787,22462.95
2025-09-01,137.825523,137.825523,116.9692,22713.55
2025-09-02,137.134894,137.134894,117.0251,22724.4
2025-09-03,139.366724,139.366724,117.7473,22864.65
2025-09-04,138.200529,138.200529,117.5156,22819.65
2025-09-05,139.092787,139.092787,117.5645,22829.15
2025-09-08,139.686657,139.686657,117.8194,22878.65
2025-09-09,139.272904,139.272904,118.1822,22949.1
2025-09-10,138.702766,138.702766,118.8262,23074.15
2025-09-11,139.046837,139.046837,118.973,23102.65
2025-09-12,137.745311,137.745311,119.4241,23190.25
2025-09-15,138.71616,138.71616,119.5559,23215.85
2025-09-16,139.112945,139.112945,120.3462,23369.3
2025-09-17,139.515221,139.515221,120.737,23445.2
2025-09-18,140.63634,140.63634,121.1166,23518.9
2025-09-19,140.759194,140.759194,120.9505,23486.65
2025-09-22,140.820714,140.820714,120.4087,23381.45
2025-09-23,138.988006,138.988006,120.1193,23325.25
2025-09-24,137.83894,137.83894,119.3623,23178.25
2025-09-25,136.381468,136.381468,118.5597,23022.4
2025-09-26,133.511674,133.511674,116.9672,22713.15
2025-09-29,133.203597,133.203597,117.1008,22739.1
2025-09-30,133.574856,133.574856,117.075,22734.1
2025-10-01,134.205854,134.205854,118.0751,22928.3
2025-10-02,134.377564,134.377564,118.0751,22928.3
2025-10-03,134.833341,134.833341,118.587,23027.7
2025-10-06,137.627372,137.627372,119.318,23169.65
2025-10-07,138.212511,138.212511,119.5232,23209.5
2025-10-08,137.863657,137.863657,119.0075,23109.35
2025-10-09,139.181047,139.181047,119.6893,23241.75
2025-10-10,138.659761,138.659761,120.1827,23337.55
2025-10-13,138.705482,138.705482,119.9625,23294.8
2025-10-14,137.939504,137.939504,119.3922,23184.05
2025-10-15,138.95123,138.95123,120.3876,23377.35
2025-10-16,139.117403,139.117403,121.3478,23563.8
2025-10-17,138.092128,138.092128,121.5242,23598.05
2025-10-20,138.137365,138.137365,122.1321,23716.1
2025-10-21,138.924523,138.924523,122.354,23759.2
2025-10-22,138.801649,138.801649,122.354,23759.2
2025-10-23,138.053727,138.053727,122.3371,23755.9
2025-10-24,137.875586,137.875586,121.9802,23686.6
2025-10-27,139.044967,139.044967,122.7748,23840.9
2025-10-28,139.199215,139.199215,122.6288,23812.55
2025-10-29,138.627875,138.627875,123.349,23952.4
2025-10-30,139.301041,139.301041,122.7769,23841.3
2025-10-31,137.558612,137.558612,122.1027,23710.4
2025-11-03,137.593112,137.593112,122.6193,23810.7
2025-11-04,136.804608,136.804608,121.9228,23675.45
2025-11-05,136.959298,136.959298,121.9228,23675.45
2025-11-06,134.362284,134.362284,121.087,23513.15
2025-11-07,135.022538,135.022538,121.13,23521.5
2025-11-10,134.335399,134.335399,121.5183,23596.9
2025-11-11,135.147925,135.147925,121.9598,23682.65
2025-11-12,135.454035,135.454035,122.7542,23836.9
2025-11-13,134.294763,134.294763,122.6466,23816.0
2025-11-14,135.157911,135.157911,122.7514,23836.35
2025-11-17,137.807765,137.807765,123.3601,23954.55
2025-11-18,137.09629,137.09629,122.6911,23824.65
2025-11-19,136.674457,136.674457,123.1116,23906.3
2025-11-20,135.724644,135.724644,123.4677,23975.45
2025-11-21,134.393622,134.393622,122.514,23790.25
2025-11-24,134.009284,134.009284,121.9181,23674.55
2025-11-25,134.191797,134.191797,121.8177,23655.05
2025-11-26,134.768158,134.768158,123.3634,23955.2
2025-11-27,134.424633,134.424633,123.325,23947.75
2025-11-28,134.409478,134.409478,123.2501,23933.2
2025-12-01,135.619128,135.619128,123.1947,23922.45
2025-12-02,135.727002,135.727002,122.6787,23822.25
2025-12-03,134.353194,134.353194,122.1331,23716.3
2025-12-04,133.833827,133.833827,122.2608,23741.1
2025-12-05,134.106965,134.106965,122.7457,23835.25
2025-12-08,132.058453,132.058453,121.1542,23526.2
2025-12-09,133.701983,133.701983,121.1029,23516.25
2025-12-10,132.088114,132.088114,120.5496,23408.8
2025-12-11,133.314412,133.314412,121.2811,23550.85
2025-12-12,134.636133,134.636133,122.1841,23726.2
2025-12-15,134.350743,134.350743,122.179,23725.2
2025-12-16,131.673518,131.673518,121.3805,23570.15
2025-12-17,130.475657,130.475657,120.9989,23496.05
2025-12-18,131.493972,131.493972,120.9755,23491.5
2025-12-19,134.690837,134.690837,121.9336,23677.55
2025-12-22,134.974874,134.974874,122.9125,23867.65
2025-12-23,135.116753,135.116753,123.0542,23895.15
2025-12-24,134.784823,134.784823,122.8229,23850.25
2025-12-26,134.051382,134.051382,122.4625,23780.25
2025-12-29,133.442292,133.442292,121.957,23682.1
2025-12-30,132.842898,132.842898,121.8885,23668.8
2025-12-31,132.776026,132.776026,122.9326,23871.55
2026-01-01,132.770306,132.770306,122.9326,23871.55
2026-01-02,133.332847,133.332847,124.1039,24099.0
2026-01-05,133.147976,133.147976,123.8951,24058.45
2026-01-06,132.362759,132.362759,123.6482,24010.5
2026-01-07,132.101685,132.101685,123.6796,24016.6
2026-01-08,129.852413,129.852413,121.9467,23680.1
2026-01-09,128.998678,128.998678,120.8511,23467.35
2026-01-12,128.187204,128.187204,121.073,23510.45
2026-01-13,128.786954,128.786954,120.9196,23480.65
2026-01-14,128.987911,128.987911,120.8949,23475.85
2026-01-15,128.84076,128.84076,120.8949,23475.85
2026-01-16,128.36737,128.36737,120.9435,23485.3
2026-01-19,127.23518,127.23518,120.3691,23373.75
2026-01-20,124.290763,124.290763,118.1696,22946.65
2026-01-21,124.560802,124.560802,117.5954,22835.15
2026-01-22,125.330214,125.330214,118.4894,23008.75
2026-01-23,121.669522,121.669522,116.9314,22706.2
2026-01-26,121.810442,121.810442,116.9314,22706.2
2026-01-27,120.957894,120.957894,117.5135,22819.25
2026-01-28,122.727085,122.727085,118.8672,23082.1
2026-01-29,122.250949,122.250949,119.1386,23134.8
2026-01-30,122.356304,122.356304,118.8538,23079.5
2026-02-02,120.324069,120.324069,117.6049,22837.0
2026-02-03,121.593517,121.593517,120.7427,23446.3
2026-02-04,121.721474,121.721474,121.1992,23534.95
2026-02-05,121.713758,121.713758,120.5645,23411.7
2026-02-06,121.225315,121.225315,120.6794,23434.0
2026-02-09,122.730354,122.730354,121.9637,23683.4
2026-02-10,124.391499,124.391499,122.326,23753.75
2026-02-11,122.873073,122.873073,122.4769,23783.05
2026-02-12,122.512491,122.512491,121.7997,23651.55
2026-02-13,120.226573,120.226573,120.057,23313.15
2026-02-16,119.767823,119.767823,120.8774,23472.45
2026-02-17,119.52638,119.52638,121.2255,23540.05
2026-02-18,120.024275,120.024275,121.7701,23645.8
2026-02-19,118.256087,118.256087,119.9762,23297.45
2026-02-20,117.948078,117.948078,120.4785,23395.0
2026-02-23,117.490004,117.490004,120.9417,23484.95
2026-02-24,114.824556,114.824556,120.013,23304.6
2026-02-25,115.595633,115.595633,120.5238,23403.8
2026-02-26,115.7078,115.7078,120.754,23448.5
2026-02-27,114.428561,114.428561,119.3036,23166.85
2026-03-02,111.884771,111.884771,117.5995,22835.95
2026-03-03,111.749615,111.749615,117.5995,22835.95
2026-03-04,110.74581,110.74581,115.405,22409.8
2026-03-05,111.787217,111.787217,116.8881,22697.8
2026-03-06,110.445324,110.445324,115.7732,22481.3
2026-03-09,108.845513,108.845513,113.5858,22056.55
2026-03-10,109.686993,109.686993,115.0607,22342.95
2026-03-11,108.298159,108.298159,113.5124,22042.3
2026-03-12,107.474498,107.474498,112.7668,21897.5
2026-03-13,105.799197,105.799197,110.1594,21391.2
2026-03-16,106.503792,106.503792,110.7136,21498.8
2026-03-17,108.025564,108.025564,111.5916,21669.3
2026-03-18,111.114945,111.114945,112.8692,21917.4
2026-03-19,107.832217,107.832217,109.3077,21225.8
2026-03-20,108.883764,108.883764,109.8335,21327.9
2026-03-23,105.618115,105.618115,106.4158,20664.25
2026-03-24,107.860698,107.860698,108.4899,21067.0
2026-03-25,109.27371,109.27371,110.6075,21478.2
2026-03-26,109.350405,109.350405,110.6075,21478.2
2026-03-27,107.557152,107.557152,108.2486,21020.15
2026-03-30,104.403305,104.403305,105.7144,20528.05
2026-03-31,104.440404,104.440404,105.7144,20528.05
2026-04-01,107.137778,107.137778,107.8109,20935.15
2026-04-02,107.411469,107.411469,107.8274,20938.35
2026-04-06,108.811178,108.811178,109.1442,21194.05
2026-04-07,108.579394,108.579394,109.6715,21296.45
2026-04-08,113.281956,113.281956,114.0006,22137.1
2026-04-09,113.762172,113.762172,113.4877,22037.5
2026-04-10,115.376627,115.376627,115.0803,22346.75
2026-04-13,114.382793,114.382793,114.2167,22179.05
2026-04-14,114.422998,114.422998,114.2167,22179.05
2026-04-15,117.325126,117.325126,116.3615,22595.55
2026-04-16,118.753464,118.753464,116.6744,22656.3
2026-04-17,120.294696,120.294696,117.7718,22869.4
2026-04-20,120.123385,120.123385,117.7533,22865.8
2026-04-21,122.102666,122.102666,118.6624,23042.35
2026-04-22,122.675044,122.675044,118.4006,22991.5
2026-04-23,121.644741,121.644741,117.4703,22810.85
2026-04-24,121.006363,121.006363,116.2302,22570.05
2026-04-27,121.500898,121.500898,117.5246,22821.4
2026-04-28,121.068656,121.068656,117.2373,22765.6
2026-04-29,120.000949,120.000949,117.78,22871.0
2026-04-30,119.349616,119.349616,116.8147,22683.55
2026-05-01,119.641511,119.641511,116.8147,22683.55
2026-05-04,121.448127,121.448127,117.5728,22830.75
2026-05-05,120.407188,120.407188,117.4569,22808.25
2026-05-06,121.482287,121.482287,119.1313,23133.4
2026-05-07,122.620557,122.620557,119.5464,23214.0
2026-05-08,122.03511,122.03511,119.0399,23115.65
2026-05-11,120.313739,120.313739,117.3925,22795.75
2026-05-12,116.505893,116.505893,114.839,22299.9
2026-05-13,116.487431,116.487431,115.2379,22377.35
2026-05-14,117.746567,117.746567,116.4519,22613.1
2026-05-15,117.570384,117.570384,116.0299,22531.15
2026-05-18,117.026995,117.026995,115.6689,22461.05
2026-05-19,118.776526,118.776526,115.9815,22521.75
2026-05-20,119.110984,119.110984,116.2719,22578.15
2026-05-21,118.717843,118.717843,116.3991,22602.85
2026-05-22,118.667475,118.667475,116.6486,22651.3
2026-05-25,119.095945,119.095945,118.081,22929.45
2026-05-26,119.689844,119.689844,117.915,22897.2
2026-05-27,120.474225,120.474225,118.2765,22967.4
2026-05-28,120.594974,120.594974,118.2765,22967.4
2026-05-29,119.06864,119.06864,116.678,22657.0
2026-06-01,118.302342,118.302342,115.5499,22437.95
2026-06-02,118.504083,118.504083,115.9781,22521.1
2026-06-03,117.147684,117.147684,115.6215,22451.85
2026-06-04,117.108421,117.108421,115.8576,22497.7
2026-06-05,117.250257,117.250257,115.691,22465.35
2026-06-08,115.323246,115.323246,114.1891,22173.7
2026-06-09,116.586306,116.586306,115.2008,22370.15
2026-06-10,115.59474,115.59474,114.4989,22233.85
2026-06-11,114.57344,114.57344,113.884,22114.45
2026-06-12,117.69444,117.69444,116.3834,22599.8
2026-06-15,120.032543,120.032543,116.3834,22599.8
2026-06-16,119.996558,119.996558,118.4302,22997.25
2026-06-26,121.923224,124.183722,119.0299,23113.7
2026-06-30,124.258635,126.408473,118.422,22995.65
2026-07-01,128.042453,128.294911,119.0193,23111.65
2026-07-02,129.061772,129.470864,119.808,23264.8
2026-07-03,128.462598,128.511129,119.9952,23301.15
2026-07-06,128.591596,128.504144,120.6791,23433.95
2026-07-07,130.67747,129.269815,120.3438,23368.85
2026-07-08,129.264421,128.095496,117.9708,22908.05
2026-07-09,131.896164,130.533838,118.8623,23081.15
2026-07-10,132.904363,132.092038,120.2385,23348.4
2026-07-13,132.467694,131.633866,120.2316,23347.05
2026-07-14,131.96363,130.838399,119.4715,23199.45
2026-07-15,134.08025,133.077157,119.8034,23263.9
2026-07-16,132.085053,130.424372,119.6425,23232.65
2026-07-17,132.038858,131.012718,120.1762,23336.3
2026-07-20,131.735297,130.063313,120.1852,23338.05
2026-07-21,131.782667,131.390473,120.2579,23352.15
2026-07-22,130.101552,130.104836,119.1913,23145.05
2026-07-23,129.393104,129.40543,118.3537,22982.4
2026-07-24,127.947748,127.979854,117.9634,22906.6
